registry,id,name,type,adapter,category,region_scope,enabled,working_status,last_tested_at,fetched_items,filtered_items,url,docs_url,requires_env,failure_or_disabled_reason,comments_next_action
conflict,crisisgroup-global,International Crisis Group,rss,,conflict-analysis,global,yes,working,2026-06-06T23:00:39.540Z,10,0,https://www.crisisgroup.org/rss,,,,Active and working in latest smoke test.
conflict,war-on-the-rocks,War on the Rocks,rss,,conflict-analysis,global,yes,working,2026-06-06T23:00:39.540Z,100,49,https://warontherocks.com/feed/,,,,Active and working in latest smoke test.
conflict,twz-feed,The War Zone,rss,,defense-tech,global,yes,working,2026-06-06T23:00:39.540Z,35,11,https://www.twz.com/feed,,,,Active and working in latest smoke test.
conflict,breaking-defense-feed,Breaking Defense,rss,,defense-tech,global,yes,working,2026-06-06T23:00:39.540Z,15,2,https://breakingdefense.com/feed/,,,,Active and working in latest smoke test.
conflict,defence-blog-feed,Defence Blog,rss,,defense-tech,global,yes,working,2026-06-06T23:00:39.540Z,10,5,https://defence-blog.com/feed/,,,,Active and working in latest smoke test.
conflict,overt-defense-feed,Overt Defense,rss,,defense-news,global,yes,working,2026-06-06T23:00:39.540Z,10,2,https://www.overtdefense.com/feed/,,,,Active and working in latest smoke test.
conflict,defense-advancement-feed,Defense Advancement,rss,,defense-tech,global,yes,working,2026-06-06T23:00:39.540Z,10,1,https://www.defenseadvancement.com/feed/,,,,Active and working in latest smoke test.
conflict,army-technology-feed,Army Technology,rss,,land,global,yes,working,2026-06-06T23:00:39.540Z,10,3,https://www.army-technology.com/feed/,,,,Active and working in latest smoke test.
conflict,airforce-technology-feed,Airforce Technology,rss,,air,global,yes,working,2026-06-06T23:00:39.540Z,10,1,https://www.airforce-technology.com/feed/,,,,Active and working in latest smoke test.
conflict,naval-technology-feed,Naval Technology,rss,,naval,global,yes,working,2026-06-06T23:00:39.540Z,10,0,https://www.naval-technology.com/feed/,,,,Active and working in latest smoke test.
conflict,defense-news-home,Defense News Home,rss,,defense-news,global,yes,working,2026-06-06T23:00:39.540Z,25,5,https://www.defensenews.com/arc/outboundfeeds/rss/,,,,Active and working in latest smoke test.
conflict,defense-news-global,Defense News Global,rss,,defense-news,global,yes,working,2026-06-06T23:00:39.540Z,25,5,https://www.defensenews.com/arc/outboundfeeds/rss/category/global/,,,,Active and working in latest smoke test.
conflict,defense-news-industry,Defense News Industry,rss,,defense-tech,global,yes,working,2026-06-06T23:00:39.540Z,25,8,https://www.defensenews.com/arc/outboundfeeds/rss/category/industry/,,,,Active and working in latest smoke test.
conflict,defense-news-air,Defense News Air,rss,,air,global,yes,working,2026-06-06T23:00:39.540Z,25,2,https://www.defensenews.com/arc/outboundfeeds/rss/category/air/,,,,Active and working in latest smoke test.
conflict,defense-news-land,Defense News Land,rss,,land,global,yes,working,2026-06-06T23:00:39.540Z,25,5,https://www.defensenews.com/arc/outboundfeeds/rss/category/land/,,,,Active and working in latest smoke test.
conflict,defense-news-naval,Defense News Naval,rss,,naval,global,yes,working,2026-06-06T23:00:39.540Z,25,4,https://www.defensenews.com/arc/outboundfeeds/rss/category/naval/,,,,Active and working in latest smoke test.
conflict,defense-news-space,Defense News Space,rss,,space,global,yes,working,2026-06-06T23:00:39.540Z,25,2,https://www.defensenews.com/arc/outboundfeeds/rss/category/space/,,,,Active and working in latest smoke test.
conflict,defense-news-unmanned,Defense News Unmanned,rss,,defense-tech,global,yes,working,2026-06-06T23:00:39.540Z,25,10,https://www.defensenews.com/arc/outboundfeeds/rss/category/unmanned/,,,,Active and working in latest smoke test.
conflict,defense-news-pentagon,Defense News Pentagon,rss,,official-military,global,yes,working,2026-06-06T23:00:39.540Z,25,3,https://www.defensenews.com/arc/outboundfeeds/rss/category/pentagon/,,,,Active and working in latest smoke test.
conflict,defense-news-congress,Defense News Congress,rss,,defense-policy,global,yes,working,2026-06-06T23:00:39.540Z,25,4,https://www.defensenews.com/arc/outboundfeeds/rss/category/congress/,,,,Active and working in latest smoke test.
conflict,naval-news-feed,Naval News,rss,,naval,global,yes,working,2026-06-06T23:00:39.540Z,10,3,https://www.navalnews.com/feed/,,,,Active and working in latest smoke test.
conflict,usni-news-feed,USNI News,rss,,naval,global,yes,working,2026-06-06T23:00:39.540Z,30,12,https://news.usni.org/feed,,,,Active and working in latest smoke test.
conflict,the-diplomat-asia-defense,The Diplomat Asia Defense,rss,,regional-defense,asia-indo-pacific,yes,working,2026-06-06T23:00:39.540Z,96,19,https://thediplomat.com/category/asia-defense/feed/,,,,Active and working in latest smoke test.
conflict,livefist-defense,Livefist Defence,rss,,regional-defense,india,yes,working,2026-06-06T23:00:39.540Z,10,3,https://www.livefistdefence.com/feed/,,,,Active and working in latest smoke test.
conflict,indian-defense-news,Indian Defence News,rss,,regional-defense,india,yes,working,2026-06-06T23:00:39.540Z,25,1,https://www.indiandefensenews.in/feeds/posts/default?alt=rss,,,,Active and working in latest smoke test.
conflict,quwa-feed,Quwa Defence News and Analysis,rss,,regional-defense,pakistan-middle-east,yes,working,2026-06-06T23:00:39.540Z,10,2,https://quwa.org/feed/,,,,Active and working in latest smoke test.
conflict,china-arms-feed,China Arms,rss,,regional-defense,china,yes,working,2026-06-06T23:00:39.540Z,10,5,https://www.china-arms.com/feed/,,,,Active and working in latest smoke test.
conflict,china-defense-blog,China Defense Blog,rss,,regional-defense,china,yes,working,2026-06-06T23:00:39.540Z,25,1,https://china-defense.blogspot.com/feeds/posts/default?alt=rss,,,,Active and working in latest smoke test.
conflict,uk-defense-journal,UK Defence Journal,rss,,regional-defense,uk-europe,yes,working,2026-06-06T23:00:39.540Z,10,4,https://ukdefencejournal.org.uk/feed/,,,,Active and working in latest smoke test.
conflict,air-space-forces-feed,Air & Space Forces Magazine,rss,,air-space,global,yes,working,2026-06-06T23:00:39.540Z,9,1,https://www.airandspaceforces.com/feed/,,,,Active and working in latest smoke test.
conflict,bbc-world,BBC World,rss,,global-news,global,yes,working,2026-06-06T23:00:39.540Z,22,1,https://feeds.bbci.co.uk/news/world/rss.xml,,,,Active and working in latest smoke test.
conflict,bbc-middle-east,BBC Middle East,rss,,regional-conflict,middle-east,yes,working,2026-06-06T23:00:39.540Z,36,9,https://feeds.bbci.co.uk/news/world/middle_east/rss.xml,,,,Active and working in latest smoke test.
conflict,bbc-europe,BBC Europe,rss,,regional-conflict,europe,yes,working,2026-06-06T23:00:39.540Z,23,0,https://feeds.bbci.co.uk/news/world/europe/rss.xml,,,,Active and working in latest smoke test.
conflict,bbc-asia,BBC Asia,rss,,regional-conflict,asia-indo-pacific,yes,working,2026-06-06T23:00:39.540Z,17,0,https://feeds.bbci.co.uk/news/world/asia/rss.xml,,,,Active and working in latest smoke test.
conflict,al-jazeera-all,Al Jazeera,rss,,global-news,global,yes,working,2026-06-06T23:00:39.540Z,25,4,https://www.aljazeera.com/xml/rss/all.xml,,,,Active and working in latest smoke test.
conflict,france24-en,France 24 English,rss,,global-news,global,yes,working,2026-06-06T23:00:39.540Z,24,1,https://www.france24.com/en/rss,,,,Active and working in latest smoke test.
conflict,guardian-world,The Guardian World,rss,,global-news,global,yes,working,2026-06-06T23:00:39.540Z,45,5,https://www.theguardian.com/world/rss,,,,Active and working in latest smoke test.
conflict,npr-world,NPR World,rss,,global-news,global,yes,working,2026-06-06T23:00:39.540Z,10,2,https://feeds.npr.org/1004/rss.xml,,,,Active and working in latest smoke test.
conflict,dw-world,Deutsche Welle World,rss,,global-news,global,yes,working,2026-06-06T23:00:39.540Z,145,2,https://rss.dw.com/xml/rss-en-all,,,,Active and working in latest smoke test.
conflict,long-war-journal,FDD Long War Journal,rss,,conflict-analysis,global,yes,working,2026-06-06T23:00:39.540Z,30,14,https://www.longwarjournal.org/feed,,,,Active and working in latest smoke test.
conflict,bellingcat,Bellingcat,rss,,osint,global,yes,working,2026-06-06T23:00:39.540Z,10,0,https://www.bellingcat.com/feed/,,,,Active and working in latest smoke test.
conflict,oryx,Oryx,rss,,osint,global,yes,working,2026-06-06T23:00:39.540Z,25,21,https://www.oryxspioenkop.com/feeds/posts/default?alt=rss,,,,Active and working in latest smoke test.
conflict,modern-war-institute,Modern War Institute,rss,,conflict-analysis,global,yes,working,2026-06-06T23:00:39.540Z,5,1,https://mwi.westpoint.edu/feed/,,,,Active and working in latest smoke test.
conflict,csis-feed,CSIS,rss,,strategic-analysis,global,yes,working,2026-06-06T23:00:39.540Z,10,3,https://www.csis.org/rss.xml,,,,Active and working in latest smoke test.
conflict,atlantic-council-feed,Atlantic Council,rss,,strategic-analysis,global,yes,working,2026-06-06T23:00:39.540Z,100,11,https://www.atlanticcouncil.org/feed/,,,,Active and working in latest smoke test.
conflict,fdd-feed,Foundation for Defense of Democracies,rss,,strategic-analysis,global,yes,working,2026-06-06T23:00:39.540Z,50,2,https://www.fdd.org/feed/,,,,Active and working in latest smoke test.
conflict,political-geography-now,Political Geography Now,rss,,conflict-analysis,global,yes,working,2026-06-06T23:00:39.540Z,25,13,https://www.polgeonow.com/feeds/posts/default?alt=rss,,,,Active and working in latest smoke test.
conflict,defense-daily,Defense Daily,rss,,defense-news,global,yes,working,2026-06-06T23:00:39.540Z,50,10,https://www.defensedaily.com/feed/,,,,Active and working in latest smoke test.
conflict,global-security-review,Global Security Review,rss,,defense-news,global,yes,working,2026-06-06T23:00:39.540Z,300,101,https://globalsecurityreview.com/feed/,,,,Active and working in latest smoke test.
conflict,defensescoop,DefenseScoop,rss,,defense-tech,global,yes,working,2026-06-06T23:00:39.540Z,10,3,https://defensescoop.com/feed/,,,,Active and working in latest smoke test.
conflict,c4isrnet,C4ISRNET,rss,,defense-tech,global,yes,working,2026-06-06T23:00:39.540Z,25,4,https://www.c4isrnet.com/arc/outboundfeeds/rss/,,,,Active and working in latest smoke test.
conflict,task-and-purpose,Task & Purpose,rss,,military-news,us-global,yes,working,2026-06-06T23:00:39.540Z,27,2,https://taskandpurpose.com/feed/,,,,Active and working in latest smoke test.
conflict,shephard-media-news,Shephard Media News,rss,,defense-news,global,yes,working,2026-06-06T23:00:39.540Z,10,5,https://www.shephardmedia.com/news/feed/,,,,Active and working in latest smoke test.
conflict,military-times-news,Military Times News,rss,,military-news,us-global,yes,working,2026-06-06T23:00:39.540Z,25,1,https://www.militarytimes.com/arc/outboundfeeds/rss/category/news/?outputType=xml,,,,Active and working in latest smoke test.
conflict,edr-magazine,EDR Magazine,rss,,defense-news,europe,yes,working,2026-06-06T23:00:39.540Z,10,0,https://www.edrmagazine.eu/feed,,,,Active and working in latest smoke test.
conflict,euro-sd,European Security & Defence,rss,,defense-news,europe,yes,working,2026-06-06T23:00:39.540Z,6,0,https://euro-sd.com/feed/,,,,Active and working in latest smoke test.
conflict,the-record-cyber,The Record Cyber,rss,,cyber,global,yes,working,2026-06-06T23:00:39.540Z,5,1,https://therecord.media/feed,,,,Active and working in latest smoke test.
conflict,bleepingcomputer,BleepingComputer,rss,,cyber,global,yes,working,2026-06-06T23:00:39.540Z,15,0,https://www.bleepingcomputer.com/feed/,,,,Active and working in latest smoke test.
conflict,krebs-on-security,Krebs on Security,rss,,cyber,global,yes,working,2026-06-06T23:00:39.540Z,10,0,https://krebsonsecurity.com/feed/,,,,Active and working in latest smoke test.
conflict,cisa-advisories,CISA Advisories,rss,,cyber,us-global,yes,working,2026-06-06T23:00:39.540Z,30,1,https://www.cisa.gov/cybersecurity-advisories/all.xml,,,,Active and working in latest smoke test.
conflict,times-of-israel,The Times of Israel,rss,,regional-conflict,israel-palestine-middle-east,yes,working,2026-06-06T23:00:39.540Z,15,2,https://www.timesofisrael.com/feed/,,,,Active and working in latest smoke test.
conflict,jerusalem-post,The Jerusalem Post,rss,,regional-conflict,israel-palestine-middle-east,yes,working,2026-06-06T23:00:39.540Z,30,0,https://www.jpost.com/rss/rssfeedsheadlines.aspx,,,,Active and working in latest smoke test.
conflict,middle-east-eye,Middle East Eye,rss,,regional-conflict,middle-east,yes,working,2026-06-06T23:00:39.540Z,20,3,https://www.middleeasteye.net/rss,,,,Active and working in latest smoke test.
conflict,kyiv-independent,Kyiv Independent,rss,,regional-conflict,ukraine,yes,working,2026-06-06T23:00:39.540Z,15,3,https://kyivindependent.com/news-archive/rss/,,,,Active and working in latest smoke test.
conflict,ukrainska-pravda-en,Ukrainska Pravda English,rss,,regional-conflict,ukraine,yes,working,2026-06-06T23:00:39.540Z,20,1,https://www.pravda.com.ua/eng/rss/,,,,Active and working in latest smoke test.
conflict,moscow-times,The Moscow Times,rss,,regional-conflict,russia,yes,working,2026-06-06T23:00:39.540Z,50,4,https://www.themoscowtimes.com/rss/news,,,,Active and working in latest smoke test.
conflict,balkan-insight,Balkan Insight,rss,,regional-conflict,balkans-europe,yes,working,2026-06-06T23:00:39.540Z,90,1,https://balkaninsight.com/feed/,,,,Active and working in latest smoke test.
conflict,scmp-world,South China Morning Post World,rss,,regional-conflict,china-indo-pacific,yes,working,2026-06-06T23:00:39.540Z,50,5,https://www.scmp.com/rss/91/feed,,,,Active and working in latest smoke test.
conflict,us-defense-gov-news,U.S. Department of Defense News,rss,,official-military,us-global,yes,working,2026-06-06T23:00:39.540Z,10,2,https://www.defense.gov/DesktopModules/ArticleCS/RSS.ashx?max=10&ContentType=1&Site=945,,,,Active and working in latest smoke test.
conflict,navy-mil-top-stories,U.S. Navy Top Stories,rss,,official-naval,us-global,yes,working,2026-06-06T23:00:39.540Z,0,0,https://www.navy.mil/DesktopModules/ArticleCS/RSS.ashx?ContentType=1&Site=1066&Category=110,,,,Active and working in latest smoke test.
conflict,af-mil-news,U.S. Air Force News,rss,,official-air,us-global,yes,working,2026-06-06T23:00:39.540Z,500,0,https://www.af.mil/DesktopModules/ArticleCS/RSS.ashx?ContentType=1&Site=1&Category=752,,,,Active and working in latest smoke test.
conflict,dsca-news,DSCA Security Cooperation News,rss,,arms-sales,global,yes,working,2026-06-06T23:00:39.540Z,100,100,https://www.dsca.mil/DesktopModules/ArticleCS/RSS.ashx?ContentType=700&Site=1509&isdashboardselected=0&max=100,,,,Active and working in latest smoke test.
conflict,dsca-featured-news,DSCA Featured News,rss,,defense-policy,global,yes,working,2026-06-06T23:00:39.540Z,8,2,https://www.dsca.mil/DesktopModules/ArticleCS/RSS.ashx?ContentType=1&SelectFeaturedContent=1&Site=1509&dashboardmoduleid=63543&max=8&formatxml=0,,,,Active and working in latest smoke test.
status,ooni-incidents-api,OONI Incidents API,api,ooni_incidents,internet_outage,global,yes,working,2026-06-06T23:00:39.540Z,64,64,https://api.ooni.io/api/v1/incidents/search?limit=25,https://ooni.org/,,,Active and working in latest smoke test.
status,ooni-rss,OONI Blog RSS,rss,rss,cyber_disruption,global,yes,working,2026-06-06T23:00:39.540Z,320,320,https://ooni.org/index.xml,,,,Active and working in latest smoke test.
status,the-record-rss,The Record,rss,rss,cyber_disruption,global,yes,working,2026-06-06T23:00:39.540Z,5,5,https://therecord.media/feed,,,,Active and working in latest smoke test.
status,bleepingcomputer-rss,BleepingComputer,rss,rss,cyber_disruption,global,yes,working,2026-06-06T23:00:39.540Z,15,15,https://www.bleepingcomputer.com/feed/,,,,Active and working in latest smoke test.
status,securityweek-rss,SecurityWeek,rss,rss,cyber_disruption,global,yes,working,2026-06-06T23:00:39.540Z,10,10,https://www.securityweek.com/feed/,,,,Active and working in latest smoke test.
status,thehackernews-rss,The Hacker News,rss,rss,cyber_disruption,global,yes,working,2026-06-06T23:00:39.540Z,50,50,https://thehackernews.com/feeds/posts/default?alt=rss,,,,Active and working in latest smoke test.
status,twz-status-fallback,The War Zone,rss,rss,aviation_disruption,global,yes,working,2026-06-06T23:00:39.540Z,35,35,https://www.twz.com/feed,,,,Active and working in latest smoke test.
status,defense-news-global-status-fallback,Defense News Global,rss,rss,airspace_restriction,global,yes,working,2026-06-06T23:00:39.540Z,25,25,https://www.defensenews.com/arc/outboundfeeds/rss/category/global/,,,,Active and working in latest smoke test.
